id,name,sex,avatar,active,created_at
42,Han Ngo,male,https://your-avatar-link.com,true,2023-08-30T09:02:47.235Z
43,Han Ngo,male,https://duhocvietglobal.com/wp-content/uploads/2018/12/dat-nuoc-va-con-nguoi-anh-quoc.jpg,true,2023-08-30 09:04:28 +0700
46,Han Ngo,male,https://duhocvietglobal.com/wp-content/uploads/2018/12/dat-nuoc-va-con-nguoi-anh-quoc.jpg,true,2023-08-30 09:06:56 +0700
48,Han Ngo,male,https://duhocvietglobal.com/wp-content/uploads/2018/12/dat-nuoc-va-con-nguoi-anh-quoc.jpg,true,2023-08-30 09:07:05 +0700
49,Han Ngo,male,https://duhocvietglobal.com/wp-content/uploads/2018/12/dat-nuoc-va-con-nguoi-anh-quoc.jpg,true,2023-08-30 09:07:15 +0700
50,Han Ngo,male,https://duhocvietglobal.com/wp-content/uploads/2018/12/dat-nuoc-va-con-nguoi-anh-quoc.jpg,true,2023-08-30 09:07:18 +0700
51,Han Ngo,male,https://duhocvietglobal.com/wp-content/uploads/2018/12/dat-nuoc-va-con-nguoi-anh-quoc.jpg,true,2023-08-30 09:08:52 +0700
53,Han Ngo Map,female,https://upload.wikimedia.org/wikipedia/commons/thumb/d/d8/Person_icon_BLACK-01.svg/1924px-Person_icon_BLACK-01.svg.png,true,2023-08-30 09:52:30 +0700
54,Han Ngo,male,https://duhocvietglobal.com/wp-content/uploads/2018/12/dat-nuoc-va-con-nguoi-anh-quoc.jpg,false,2023-08-30 09:15:00 +0700
55,Han Ngo,male,https://duhocvietglobal.com/wp-content/uploads/2018/12/dat-nuoc-va-con-nguoi-anh-quoc.jpg,false,2023-08-30 09:16:58 +0700
56,Han Ngo1,male,https://duhocvietglobal.com/wp-content/uploads/2018/12/dat-nuoc-va-con-nguoi-anh-quoc.jpg,false,2023-08-30 09:18:02 +0700
57,Miss Javier Zieme,male,https://cloudflare-ipfs.com/ipfs/Qmd3W5DuhgHirLHGVixi6V76LhCkZUz6pnFt5AJBiyvHye/avatar/465.jpg,false,2023-09-04T13:01:14.213Z
58,Miss Myrtle Adams,female,https://cloudflare-ipfs.com/ipfs/Qmd3W5DuhgHirLHGVixi6V76LhCkZUz6pnFt5AJBiyvHye/avatar/1151.jpg,true,2023-09-04T10:21:03.730Z
59,Anita Harris,male,https://cloudflare-ipfs.com/ipfs/Qmd3W5DuhgHirLHGVixi6V76LhCkZUz6pnFt5AJBiyvHye/avatar/58.jpg,true,2023-09-04T21:14:18.833Z
78,Le Van I,male,https://upload.wikimedia.org/wikipedia/commons/thumb/4/48/RedCat_8727.jpg/1200px-RedCat_8727.jpg,true,2023-09-05 11:26:44 +0700
79,Le Van J,female,https://upload.wikimedia.org/wikipedia/commons/thumb/4/48/RedCat_8727.jpg/1200px-RedCat_8727.jpg,true,2023-09-05 11:26:45 +0700
90,name1,male,link1,true,2023-05-30 13:17:04 +0700
91,name2,male,link2,true,2023-05-30 13:17:04 +0701
92,name3,male,link3,true,2023-05-30 13:17:04 +0702
93,name4,female,link4,true,2023-05-30 13:17:04 +0703
94,name5,female,link5,true,2023-05-30 13:17:04 +0704
95,name6,female,link6,true,2023-05-30 13:17:04 +0705
96,name7,female,link7,true,2023-05-30 13:17:04 +0706
97,name8,male,link8,true,2023-05-30 13:17:04 +0707
98,name9,male,link9,true,2023-05-30 13:17:04 +0708
99,name10,male,link10,true,2023-05-30 13:17:04 +0709
100,name1,male,link1,true,2023-05-30 13:17:04 +0700
101,name2,male,link2,true,2023-05-30 13:17:04 +0701
102,name3,male,link3,true,2023-05-30 13:17:04 +0702
103,name4,female,link4,true,2023-05-30 13:17:04 +0703
104,name5,female,link5,true,2023-05-30 13:17:04 +0704
105,name6,female,link6,true,2023-05-30 13:17:04 +0705
106,name7,female,link7,true,2023-05-30 13:17:04 +0706
107,name8,male,link8,true,2023-05-30 13:17:04 +0707
108,name9,male,link9,true,2023-05-30 13:17:04 +0708
109,name10,male,link10,true,2023-05-30 13:17:04 +0709
148,abc,male,https://duhocvietglobal.com/wp-content/uploads/2018/12/dat-nuoc-va-con-nguoi-anh-quoc.jpg,false,2023-05-30 14:37:39 +0700
149,abc,male,https://duhocvietglobal.com/wp-content/uploads/2018/12/dat-nuoc-va-con-nguoi-anh-quoc.jpg,true,2023-05-30 14:37:39 +0700
150,Xuan Duc,male,https://images.saymedia-content.com/.image/ar_1:1%2Cc_fill%2Ccs_srgb%2Cfl_progressive%2Cq_auto:eco%2Cw_1200/MTk2NzY3MjA5ODc0MjY5ODI2/top-10-cutest-cat-photos-of-all-time.jpg,true,2023-06-01T06:51:41.104Z
151,Xuan Duc,male,https://images.saymedia-content.com/.image/ar_1:1%2Cc_fill%2Ccs_srgb%2Cfl_progressive%2Cq_auto:eco%2Cw_1200/MTk2NzY3MjA5ODc0MjY5ODI2/top-10-cutest-cat-photos-of-all-time.jpg,false,2023-05-31T19:04:33.831Z
152,Ho Van Nam,male,https://upload.wikimedia.org/wikipedia/commons/thumb/d/d8/Person_icon_BLACK-01.svg/1924px-Person_icon_BLACK-01.svg.png,false,2023-08-29 21:07:36 +0700
153,Ho Van Nam,male,https://upload.wikimedia.org/wikipedia/commons/thumb/d/d8/Person_icon_BLACK-01.svg/1924px-Person_icon_BLACK-01.svg.png,true,2023-08-29 21:12:23 +0700
154,test,female,https://upload.wikimedia.org/wikipedia/commons/thumb/d/d8/Person_icon_BLACK-01.svg/1924px-Person_icon_BLACK-01.svg.png,true,2023-08-29 21:38:25 +0700
155,Dang Thi Bich Thuy,female,https://duhocvietglobal.com/wp-content/uploads/2018/12/dat-nuoc-va-con-nguoi-anh-quoc.jpg,true,2023-08-29 21:46:44 +0700
156,Dang Thi Bich Thuy,female,https://duhocvietglobal.com/wp-content/uploads/2018/12/dat-nuoc-va-con-nguoi-anh-quoc.jpg,true,2023-08-29 21:56:41 +0700
157,Eleanor Cruickshank,female,https://cloudflare-ipfs.com/ipfs/Qmd3W5DuhgHirLHGVixi6V76LhCkZUz6pnFt5AJBiyvHye/avatar/407.jpg,true,2023-11-03T04:54:30.275Z
158,Pablo Abernathy,female,https://cloudflare-ipfs.com/ipfs/Qmd3W5DuhgHirLHGVixi6V76LhCkZUz6pnFt5AJBiyvHye/avatar/601.jpg,false,2023-11-03T00:26:29.204Z
159,Mathew Schaefer,male,https://cloudflare-ipfs.com/ipfs/Qmd3W5DuhgHirLHGVixi6V76LhCkZUz6pnFt5AJBiyvHye/avatar/912.jpg,true,2023-11-02T09:54:14.613Z
160,Billy Stanton,female,https://cloudflare-ipfs.com/ipfs/Qmd3W5DuhgHirLHGVixi6V76LhCkZUz6pnFt5AJBiyvHye/avatar/376.jpg,true,2023-11-02T20:05:24.050Z
161,Luis Nitzsche,female,https://cloudflare-ipfs.com/ipfs/Qmd3W5DuhgHirLHGVixi6V76LhCkZUz6pnFt5AJBiyvHye/avatar/741.jpg,false,2023-11-02T09:52:45.001Z
162,Jennifer Kemmer,male,https://cloudflare-ipfs.com/ipfs/Qmd3W5DuhgHirLHGVixi6V76LhCkZUz6pnFt5AJBiyvHye/avatar/919.jpg,false,2023-11-03T05:36:11.924Z
163,Lena Hirthe,male,https://cloudflare-ipfs.com/ipfs/Qmd3W5DuhgHirLHGVixi6V76LhCkZUz6pnFt5AJBiyvHye/avatar/37.jpg,false,2023-11-02T19:32:16.071Z
164,June O'Reilly,female,https://cloudflare-ipfs.com/ipfs/Qmd3W5DuhgHirLHGVixi6V76LhCkZUz6pnFt5AJBiyvHye/avatar/980.jpg,true,2023-11-02T20:57:14.512Z
165,Jenna Gutmann,male,https://cloudflare-ipfs.com/ipfs/Qmd3W5DuhgHirLHGVixi6V76LhCkZUz6pnFt5AJBiyvHye/avatar/236.jpg,false,2023-11-03T07:47:31.023Z
166,Lillie Beahan,male,https://cloudflare-ipfs.com/ipfs/Qmd3W5DuhgHirLHGVixi6V76LhCkZUz6pnFt5AJBiyvHye/avatar/429.jpg,true,2023-11-02T20:50:00.371Z
167,Josefina Rosenbaum,male,https://cloudflare-ipfs.com/ipfs/Qmd3W5DuhgHirLHGVixi6V76LhCkZUz6pnFt5AJBiyvHye/avatar/868.jpg,false,2023-11-02T15:35:51.596Z
168,Mrs. Terry Osinski,male,https://cloudflare-ipfs.com/ipfs/Qmd3W5DuhgHirLHGVixi6V76LhCkZUz6pnFt5AJBiyvHye/avatar/701.jpg,true,2023-11-03T01:08:12.004Z
169,Gene Hahn,female,https://cloudflare-ipfs.com/ipfs/Qmd3W5DuhgHirLHGVixi6V76LhCkZUz6pnFt5AJBiyvHye/avatar/970.jpg,true,2023-11-02T14:59:55.940Z
170,Kristin Friesen PhD,male,https://cloudflare-ipfs.com/ipfs/Qmd3W5DuhgHirLHGVixi6V76LhCkZUz6pnFt5AJBiyvHye/avatar/286.jpg,true,2023-11-03T08:23:10.028Z
171,Hannah Kertzmann,male,https://cloudflare-ipfs.com/ipfs/Qmd3W5DuhgHirLHGVixi6V76LhCkZUz6pnFt5AJBiyvHye/avatar/1014.jpg,true,2023-11-03T06:10:54.456Z
172,Anna O'Keefe DVM,female,https://cloudflare-ipfs.com/ipfs/Qmd3W5DuhgHirLHGVixi6V76LhCkZUz6pnFt5AJBiyvHye/avatar/501.jpg,true,2023-11-03T03:08:10.842Z
173,Miss Lance Hintz,female,https://cloudflare-ipfs.com/ipfs/Qmd3W5DuhgHirLHGVixi6V76LhCkZUz6pnFt5AJBiyvHye/avatar/722.jpg,true,2023-11-02T18:42:31.707Z
174,Madeline Fadel,male,https://cloudflare-ipfs.com/ipfs/Qmd3W5DuhgHirLHGVixi6V76LhCkZUz6pnFt5AJBiyvHye/avatar/873.jpg,true,2023-11-03T01:27:52.962Z
175,Micheal Rice,female,https://cloudflare-ipfs.com/ipfs/Qmd3W5DuhgHirLHGVixi6V76LhCkZUz6pnFt5AJBiyvHye/avatar/1038.jpg,false,2023-11-02T12:10:37.728Z
176,Ben Grady,female,https://cloudflare-ipfs.com/ipfs/Qmd3W5DuhgHirLHGVixi6V76LhCkZUz6pnFt5AJBiyvHye/avatar/946.jpg,false,2023-11-02T23:21:05.257Z
177,Renee Kuhlman,male,https://cloudflare-ipfs.com/ipfs/Qmd3W5DuhgHirLHGVixi6V76LhCkZUz6pnFt5AJBiyvHye/avatar/130.jpg,false,2023-11-02T23:05:38.426Z
178,Kristi Gottlieb,male,https://cloudflare-ipfs.com/ipfs/Qmd3W5DuhgHirLHGVixi6V76LhCkZUz6pnFt5AJBiyvHye/avatar/893.jpg,false,2023-11-03T00:33:22.530Z
180,Mrs. Luis Emard,male,https://cloudflare-ipfs.com/ipfs/Qmd3W5DuhgHirLHGVixi6V76LhCkZUz6pnFt5AJBiyvHye/avatar/143.jpg,true,2023-11-02T16:17:42.681Z
181,Myra Cormier Sr.,female,https://cloudflare-ipfs.com/ipfs/Qmd3W5DuhgHirLHGVixi6V76LhCkZUz6pnFt5AJBiyvHye/avatar/860.jpg,true,2023-11-03T02:39:47.136Z
191,Thanh Dat updated,male,https://duhocvietglobal.com/wp-content/uploads/2018/12/dat-nuoc-va-con-nguoi-anh-quoc.jpg,false,2023-11-06T09:07:59+07:00
192,Thanh Dat updated,male,https://duhocvietglobal.com/wp-content/uploads/2018/12/dat-nuoc-va-con-nguoi-anh-quoc.jpg,false,2023-11-06T09:07:59+07:00
195,Thanh Dat updated,male,https://duhocvietglobal.com/wp-content/uploads/2018/12/dat-nuoc-va-con-nguoi-anh-quoc.jpg,false,2023-11-06T09:11:08+07:00
196,Thanh Dat updated,male,https://duhocvietglobal.com/wp-content/uploads/2018/12/dat-nuoc-va-con-nguoi-anh-quoc.jpg,false,2023-11-06T09:11:08+07:00
201,Nguyen,male,https://www.google.com/search?q=aure&sca_esv=579669660&hl=vi&tbm=isch&sxsrf=AM9HkKlaBBScaf9J_1VmnW2S5iVeVQeVUg:1699231424641&source=lnms&sa=X&ved=2ahUKEwibyNOrkq6CAxXG4jgGHZ06A1MQ_AUoAXoECAIQAw&biw=1633&bih=928&dpr=1.8#imgrc=EMR9t26VaUFrpM,false,2023-11-06T09:13:21+07:00
202,Phi Hoan fukboiz,female,https://duhocvietglobal.com/wp-content/uploads/2018/12/dat-nuoc-va-con-nguoi-anh-quoc.jpg,false,2023-11-06 10:27:31 +0700
204,Phi Hoan fukboizzzz,male,https://duhocvietglobal.com/wp-content/uploads/2018/12/dat-nuoc-va-con-nguoi-anh-quoc.jpg,true,2023-11-06T11:40:09+07:00
205,Phi Hoan fukboizzzz,male,https://duhocvietglobal.com/wp-content/uploads/2018/12/dat-nuoc-va-con-nguoi-anh-quoc.jpg,true,2023-11-06T11:45:16+07:00
206,Phi Hoan fukboizzzz,male,https://duhocvietglobal.com/wp-content/uploads/2018/12/dat-nuoc-va-con-nguoi-anh-quoc.jpg,false,2023-11-06T11:45:18+07:00
207,Phi Hoan fukboizzzz,male,https://duhocvietglobal.com/wp-content/uploads/2018/12/dat-nuoc-va-con-nguoi-anh-quoc.jpg,false,2023-11-06T11:45:19+07:00
208,Phi Hoan fukboizzzz,male,https://duhocvietglobal.com/wp-content/uploads/2018/12/dat-nuoc-va-con-nguoi-anh-quoc.jpg,false,2023-11-06T11:45:20+07:00
213,Nathan Schoen,female,https://cloudflare-ipfs.com/ipfs/Qmd3W5DuhgHirLHGVixi6V76LhCkZUz6pnFt5AJBiyvHye/avatar/296.jpg,true,2023-11-06T00:10:52.974Z
214,Phi Hoan fukboizzzz,male,https://duhocvietglobal.com/wp-content/uploads/2018/12/dat-nuoc-va-con-nguoi-anh-quoc.jpg,true,2023-11-06T17:51:15+07:00
215,Phi Hoan fukboizzzz,male,https://duhocvietglobal.com/wp-content/uploads/2018/12/dat-nuoc-va-con-nguoi-anh-quoc.jpg,false,2023-11-06T17:51:29+07:00
216,Phi Hoan fukboizzzz,male,https://duhocvietglobal.com/wp-content/uploads/2018/12/dat-nuoc-va-con-nguoi-anh-quoc.jpg,true,2023-11-06T17:53:05+07:00
217,Jenny Blick,male,https://cloudflare-ipfs.com/ipfs/Qmd3W5DuhgHirLHGVixi6V76LhCkZUz6pnFt5AJBiyvHye/avatar/928.jpg,true,2023-11-07T03:46:29.978Z
218,Ernest Paucek Sr123,male,https://cloudflare-ipfs.com/ipfs/Qmd3W5DuhgHirLHGVixi6V76LhCkZUz6pnFt5AJBiyvHye/avatar/928.jpg,false,2023-11-07 16:14:50 +0700
230,tester 02,,,false,2023-11-07T12:15:22.252Z
231,tester 03,,,false,2023-11-07T19:26:43.061Z
232,tester 04,,,false,2023-11-07T11:30:37.025Z
233,tester 01,,,true,2023-11-07T02:14:17.087Z
234,tester 01, male, https://upload.wikimedia.org/wikipedia/commons/thumb/4/48/RedCat_8727.jpg/1200px-RedCat_8727.jpg,true,2023-11-07T08:18:43.699Z
235,tester 02, female, https://upload.wikimedia.org/wikipedia/commons/thumb/4/48/RedCat_8727.jpg/1200px-RedCat_8727.jpg,false,2023-11-07T08:33:32.948Z
236,tester 03, male, https://upload.wikimedia.org/wikipedia/commons/thumb/4/48/RedCat_8727.jpg/1200px-RedCat_8727.jpg,true,2023-11-07T18:08:09.449Z
237,tester 04, male, https://upload.wikimedia.org/wikipedia/commons/thumb/4/48/RedCat_8727.jpg/1200px-RedCat_8727.jpg,true,2023-11-07T19:03:43.755Z
238,tester 05, female, https://upload.wikimedia.org/wikipedia/commons/thumb/4/48/RedCat_8727.jpg/1200px-RedCat_8727.jpg,true,2023-11-07T14:10:59.070Z
239,tester 01, male, https://upload.wikimedia.org/wikipedia/commons/thumb/4/48/RedCat_8727.jpg/1200px-RedCat_8727.jpg,true,2023-11-07T02:59:50.692Z
240,tester 02, female, https://upload.wikimedia.org/wikipedia/commons/thumb/4/48/RedCat_8727.jpg/1200px-RedCat_8727.jpg,false,2023-11-07T02:33:22.688Z
241,tester 03, male, https://upload.wikimedia.org/wikipedia/commons/thumb/4/48/RedCat_8727.jpg/1200px-RedCat_8727.jpg,true,2023-11-07T03:08:11.134Z
242,tester 01, male, https://upload.wikimedia.org/wikipedia/commons/thumb/4/48/RedCat_8727.jpg/1200px-RedCat_8727.jpg,true,2023-11-07T18:27:23.237Z
243,tester 02, female, https://upload.wikimedia.org/wikipedia/commons/thumb/4/48/RedCat_8727.jpg/1200px-RedCat_8727.jpg,true,2023-11-07T09:12:00.789Z
